{"cameraMode":{"drawMode":0,"name":"Shaded","section":"Shading Mode"},"sceneLighting":true,"audioPlay":false,"sceneViewState":{"showFog":true,"showMaterialUpdate":false,"showSkybox":true,"showFlares":true,"showImageEffects":true,"showParticleSystems":true},"in2DMode":false,"pivot":{"x":0.2336336374282837,"y":2.229466438293457,"z":1.5734667778015137},"rotation":{"x":-0.04191036894917488,"y":0.9381876587867737,"z":-0.12247418612241745,"w":-0.3210373520851135},"size":1.4651033878326417,"orthographic":false}